<?xml version="1.0" encoding="UTF-8"?>
<!DOCTYPE mapper PUBLIC "-//mybatis.org//DTD Mapper 3.0//EN" "http://mybatis.org/dtd/mybatis-3-mapper.dtd">
<mapper namespace="co.ciec.result.mappers.ResultMapper">

	<resultMap id="ann" type="co.ciec.result.vo.AnnVO">
		<result property="ann_rowid" 					column="ann_rowid" />
		<result property="app_num" 						column="app_num" />
		<result property="app_year" 					column="app_year" />
		<result property="ann_title" 					column="ann_title" />
		<result property="ann_convention" 				column="ann_convention"	/>
		<result property="ann_country" 					column="ann_country" />
		<result property="ann_date" 					column="ann_date" />
		<result property="ann_type" 					column="ann_type" />
		<result property="ann_inout" 					column="ann_inout" />
		<result property="outcome_reg_org_bz_id" 		column="outcome_reg_org_bz_id" />
		<result property="outcome_reg_bz_id" 			column="outcome_reg_bz_id" />
		<result property="ord1_vfy_cd" 					column="ord1_vfy_cd" />
		<result property="ord2_vfy_cd" 					column="ord2_vfy_cd" />
		<result property="dtl_rst_mgnt_no" 				column="dtl_rst_mgnt_no" />
		<result property="abstract_str" 				column="abstract_str" />
		<result property="paper_type_slct" 				column="paper_type_slct" />
		<result property="paper_start_pg" 				column="paper_start_pg" />
		<result property="paper_end_pg" 				column="paper_end_pg" />
		<result property="sci_slct" 					column="sci_slct" />
		<result property="issn" 						column="issn" />
		<result property="in_date" 						column="in_date" />
		<result property="emp_id" 						column="emp_id" />
		<result property="emp_nm" 						column="emp_nm" />
		<result property="is_pg" 						column="is_pg" />
		<result property="rst_vfy_key" 					column="rst_vfy_key" />
		<result property="contribute_rt" 				column="contribute_rt" />
		<result property="up_emp" 						column="up_emp" />
	</resultMap>

	<resultMap id="ann_hm_info" type="co.ciec.result.vo.Ann_Hm_infoVO">
		<result property="ann_rowid" 	column="ann_rowid"/>
		<result property="app_num" 		column="app_num"/>
		<result property="app_year" 	column="app_year"/>
		<result property="ord_no" 		column="ord_no"/>
		<result property="ann_hm_slct" 	column="f_seq"/>
		<result property="emp_id" 	column="emp_id"/>
		<result property="emp_nm" 	column="emp_nm"/>
	</resultMap>
	
	<resultMap id="ann_file" type="co.ciec.result.vo.AnnFileVO">
		<result property="ann_rowid" 	column="ann_rowid"/>
		<result property="f_realname" 	column="f_realname"/>
		<result property="f_name" 	column="f_name"/>
		<result property="f_path" 	column="f_path"/>
		<result property="f_seq" 	column="f_seq"/>
		<result property="in_date" 	column="in_date"/>
	</resultMap>
	
	
	 <!-- 학술발표 목록 -->  
	<select id="selectAnnList" parameterType="searchMasterVO" resultMap="ann">
	   	SELECT * FROM (
			SELECT   ROWNUM AS RNUM, A.*
   			FROM   (
			    	SELECT 	    	
							a.ANN_ROWID, a.APP_NUM, a.APP_YEAR, a.ANN_TITLE, a.ANN_CONVENTION, a.ANN_COUNTRY, a.ANN_DATE,
							a.ANN_TYPE, a.ANN_INOUT, a.OUTCOME_REG_ORG_BZ_ID, a.OUTCOME_REG_BZ_ID, a.ORD1_VFY_CD, a.ORD2_VFY_CD,
							a.DTL_RST_MGNT_NO, a.ABSTRACT_STR, a.PAPER_TYPE_SLCT, a.PAPER_START_PG,  a.PAPER_END_PG, a.SCI_SLCT, 
							a.ISSN,
							a.IN_DATE, a.EMP_ID, a.EMP_NM, a.IS_PG, a.RST_VFY_KEY, a.CONTRIBUTE_RT,a.up_emp,
							p.KOR_PJT_NM, p.STAN_YR,
							(select emp_nm from c_announces_hm_info where ann_rowid = a.ann_rowid and ann_hm_slct ='1')as emp_nm1,
							(select emp_id from c_announces_hm_info where ann_rowid = a.ann_rowid and ann_hm_slct ='1')as emp_id1,
							(select emp_nm from c_announces_hm_info where ann_rowid = a.ann_rowid and ann_hm_slct ='2')as emp_nm2,
							(select emp_id from c_announces_hm_info where ann_rowid = a.ann_rowid and ann_hm_slct ='2')as emp_id2,
							(SELECT NVL(max(N_NAME), '') FROM C_NTIS_MASTER WHERE N_UP_CODE = 'GT034' and n_code = a.ANN_COUNTRY)as ANN_COUNTRY_NM 
						FROM c_announces a 
						LEFT JOIN pjt_basic p on a.APP_NUM = p.PJT_NO and a.APP_YEAR = p.STAN_YR
						WHERE 1=1
							<if test="schKeyword1 != null and schKeyword1 != '' ">
							   <![CDATA[ AND  a.ann_title LIKE '%' || #{schKeyword1} || '%']]>
							</if>
							<if test="schKeyword2 != null and schKeyword2 != '' ">
							    <![CDATA[ AND a.ann_convention LIKE '%' || #{schKeyword2} || '%']]>
							</if>
							<if test="schKeyword3 != null and schKeyword3 != '' ">
							   <![CDATA[ AND  p.KOR_PJT_NM LIKE '%' || #{schKeyword3} || '%']]>
							</if>
							<if test="schKeyword4 != null and schKeyword4 != '' ">
						      <![CDATA[  AND a.APP_YEAR >= #{schKeyword4}]]>
							</if>
							<if test="schKeyword5 != null and schKeyword5 != '' ">
							      <![CDATA[  AND a.APP_YEAR <= #{schKeyword5}]]>
							</if>
		    	order by a.ANN_ROWID desc
	  	) A ) 
 	    <![CDATA[	WHERE  RNUM > #{firstIndex} AND  RNUM <= #{lastIndex} ]]>
	</select>
	<!-- 학술발표 목록 개수  -->
	<select id="selectAnnListCount" parameterType="searchMasterVO" resultType="int">
			    	SELECT 	   
							count(a.ANN_ROWID)
						FROM c_announces a 
						LEFT JOIN pjt_basic p on a.APP_NUM = p.PJT_NO and a.APP_YEAR = p.STAN_YR
						WHERE 1=1
							<if test="schKeyword1 != null and schKeyword1 != '' ">
							   <![CDATA[ AND  a.ann_title LIKE '%' || #{schKeyword1} || '%']]>
							</if>
							<if test="schKeyword2 != null and schKeyword2 != '' ">
							    <![CDATA[ AND a.ann_convention LIKE '%' || #{schKeyword2} || '%']]>
							</if>
							<if test="schKeyword3 != null and schKeyword3 != '' ">
							   <![CDATA[ AND  p.KOR_PJT_NM LIKE '%' || #{schKeyword3} || '%']]>
							</if>
							<if test="schKeyword4 != null and schKeyword4 != '' ">
						      <![CDATA[  AND a.APP_YEAR >= #{schKeyword4}]]>
							</if>
							<if test="schKeyword5 != null and schKeyword5 != '' ">
							      <![CDATA[  AND a.APP_YEAR <= #{schKeyword5}]]>
							</if>
	</select>
	<!-- 학술발표 인력정보 조회 -->
	<select id="selectAnnHmInfo" parameterType="co.ciec.result.vo.AnnVO" resultType="co.ciec.result.vo.Ann_Hm_infoVO">
	     SELECT * FROM C_ANNOUNCES_HM_INFO
	     	WHERE ANN_ROWID = #{ann_rowid}
	</select>
	<!-- 학술발표 인력정보 등록 -->
	<insert id="insertAnnHmInfo" parameterType="co.ciec.result.vo.Ann_Hm_infoVO">
	    INSERT into c_announces_hm_info(
				ANN_ROWID, APP_NUM, APP_YEAR, ORD_NO, ANN_HM_SLCT, EMP_ID, EMP_NM
			)VALUES(
				#{ann_rowid}, (select app_num from c_announces where ann_rowid = #{ann_rowid}), 
				(select app_year from c_announces where ann_rowid = #{ann_rowid}),
				(select (case when MAX(ord_no) is null then 0 else  MAX(ord_no)  end )+1 from C_ANNOUNCES_HM_INFO WHERE ann_rowid = #{ann_rowid}),  
				#{ann_hm_slct}, #{emp_id}, #{emp_nm}				
			)
	</insert>
	<!-- 학술발표 인력정보 수정 -->
	<update id="updateAnnHmInfoVO_M" parameterType="co.ciec.result.vo.Ann_Hm_infoVO">
		<choose>
		    <when test="emp_nm != null and emp_nm != ''">
		         	<choose>
		         	    <when test="ann_hm_slct == 1">
	      	        	MERGE INTO C_ANNOUNCES_HM_INFO a USING DUAL on(a.ann_rowid = ${ann_rowid} and a.ann_hm_slct = '1' and a.ord_no = '1')
			        	WHEN MATCHED THEN
			         	        UPDATE  SET 
			         	        	app_num = (select app_num from c_announces where ann_rowid = ${ann_rowid}),
			         	        	app_year = (select app_year from c_announces where ann_rowid = ${ann_rowid}),
					         		emp_id = #{emp_nm}, emp_nm = #{emp_nm}
					    WHEN NOT MATCHED THEN
		         				INSERT (
									ANN_ROWID, APP_NUM, APP_YEAR, ORD_NO, ANN_HM_SLCT, EMP_ID, EMP_NM
								)VALUES(
									#{ann_rowid}, (select app_num from c_announces where ann_rowid = ${ann_rowid}), 
									(select app_year from c_announces where ann_rowid = ${ann_rowid}), 
									'1','1',#{emp_nm}, #{emp_nm}
				                )
	         	        </when> 
	         	        <when test="ann_hm_slct == 2 ">
						MERGE INTO C_ANNOUNCES_HM_INFO a USING DUAL on(a.ann_rowid = ${ann_rowid} and a.ann_hm_slct = '2' )
			        	WHEN MATCHED THEN
			         	        UPDATE  SET 
					         		app_num = (select app_num from c_announces where ann_rowid = ${ann_rowid}),
			         	        	app_year = (select app_year from c_announces where ann_rowid = ${ann_rowid}),
					         		emp_id = #{emp_nm}, emp_nm = #{emp_nm}
						WHEN NOT MATCHED THEN
								INSERT (
									ANN_ROWID, APP_NUM, APP_YEAR, ORD_NO, ANN_HM_SLCT, EMP_ID, EMP_NM
								)VALUES(
									#{ann_rowid}, (select app_num from c_announces where ann_rowid = ${ann_rowid}), 
									(select app_year from c_announces where ann_rowid = ${ann_rowid}), 
									'1',
									(select (case when MAX(ord_no) is null then 0 else MAX(ord_no) end )+1 from c_announces_hm_info WHERE ann_rowid=${ann_rowid})
									,#{emp_nm}, #{emp_nm}
				                )
         	          	</when> 
		         	</choose>
		    </when>
		    <otherwise>
		        DELETE c_announces_hm_info
		       			where ann_rowid = ${ann_rowid} and ann_hm_slct = #{ann_hm_slct}
		        
		    </otherwise>
		</choose>
						
	</update>
	
	<update id="updateAnnHmInfoVO_S" parameterType="java.lang.String">
	    DELETE FROM c_announces_hm_info
					 WHERE ann_rowid = ${param1} and ann_hm_slct = ${param3}
					 <if test="param2 != null and param2 != ''">
					 	AND emp_id not IN 
					 	(
							<foreach collection="param2" item="ids" separator="," index="i">
							 <![CDATA['${param2[i]}']]>		    
						    </foreach>
						)
					 </if>
	</update>
<!-- 	     MERGE INTO c_announces_hm_info a USING DUAL on (a.ann_rowid = ${param1} and a.ann_hm_slct = #{param4} and  a.emp_nm ='${param2}')
			WHEN not MATCHED THEN -->
	<update id="updateAnnHmInfoVO_S2" parameterType="java.lang.String">
			Insert into c_announces_hm_info (ANN_ROWID, APP_NUM, APP_YEAR, ORD_NO, ANN_HM_SLCT, EMP_ID, EMP_NM)
			values(
				${param1},(select app_num from c_announces where ann_rowid =${param1}),(select app_year from c_announces where ann_rowid =${param1}),
				(select (case when MAX(ord_no) is null then 0 else MAX(ord_no) end )+1 from c_announces_hm_info WHERE ann_rowid=${param1}),
				${param4},'${param3}','${param2}'
			)
	</update>
	<!-- 학술발표 인력정보 삭제 -->
	<delete id="deleteAnnHmInfo" parameterType="java.lang.String">
	    DELETE C_ANNOUNCES_HM_INFO
	    		WHERE ANN_ROWID = ${param1} 
	    		<if test="param2 != null and param2 != ''">
	    		    and ord_no In	
	    		    	(
							<foreach collection="param2" item="ids" separator="," index="i">
							 <![CDATA['${param2[i]}']]>		    
						    </foreach>
						)
	    		</if>
	</delete>
	
	
	
	
	<!-- 학술발표 등록 -->
	<insert id="insertAnnVO" parameterType="co.ciec.result.vo.AnnVO">
	   <selectKey keyProperty="ann_rowid" keyColumn="ann_rowid"  resultType="string" order="BEFORE">
			SELECT TO_CHAR(C_RESULT_ROWID.NEXTVAL) FROM dual
		</selectKey>
	    INSERT INTO c_announces (	
							ANN_ROWID, APP_NUM, APP_YEAR,
							ANN_TITLE, ANN_CONVENTION, ANN_COUNTRY,
							ANN_DATE, ANN_TYPE, ANN_INOUT,
							OUTCOME_REG_ORG_BZ_ID, OUTCOME_REG_BZ_ID, ORD1_VFY_CD, ORD2_VFY_CD,
							DTL_RST_MGNT_NO, ABSTRACT_STR,
							PAPER_TYPE_SLCT, PAPER_START_PG, PAPER_END_PG,
							SCI_SLCT, ISSN,
							IN_DATE, EMP_ID, EMP_NM, IS_PG, RST_VFY_KEY, CONTRIBUTE_RT
				)VALUES(
							${ann_rowid}, #{ app_num}, #{ app_year}, 
							#{ann_title}, #{ ann_convention}, #{ ann_country}, 
							#{ann_date}, #{ ann_type}, #{ ann_inout}, 
							#{outcome_reg_org_bz_id}, #{ outcome_reg_bz_id}, #{ ord1_vfy_cd}, #{ ord2_vfy_cd}, 
							'NTIS16-ANN-'||#{ann_rowid}, #{ abstract_str},
							#{paper_type_slct}, #{ paper_start_pg}, #{ paper_end_pg}, 
							#{sci_slct}, #{ issn},
							#{in_date}, #{ emp_id}, #{ emp_nm}, #{ is_pg}, #{ rst_vfy_key}, #{contribute_rt}
						)
	</insert>
	<!-- 학술발표 파일등록 -->
	<insert id="insertAnnFile" parameterType="co.ciec.result.vo.AnnFileVO">
	    	INSERT INTO C_ANNOUNCES_FILE(
					    	ANN_ROWID, F_REALNAME, F_NAME, F_PATH, F_SEQ, IN_DATE
					  )VALUES(
					  		${ann_rowid}, #{f_realname}, #{f_name}, #{f_path}, 
					  		 (select NVL(max(f_seq),'0')+1 from c_announces_file where ann_rowid = '${ann_rowid}'), #{in_date}
					  )
	</insert>
	<!-- 학술발표 조회 -->
	<select id="selectAnnVO" parameterType="co.ciec.result.vo.AnnVO" resultMap="ann">
  				SELECT 
			  				a.ANN_ROWID, a.APP_NUM, a.APP_YEAR, a.ANN_TITLE, a.ANN_CONVENTION, a.ANN_COUNTRY, a.ANN_DATE,
							a.ANN_TYPE, a.ANN_INOUT, a.OUTCOME_REG_ORG_BZ_ID, a.OUTCOME_REG_BZ_ID, a.ORD1_VFY_CD, a.ORD2_VFY_CD,
							a.DTL_RST_MGNT_NO, a.ABSTRACT_STR, a.PAPER_TYPE_SLCT, a.PAPER_START_PG,  a.PAPER_END_PG, a.SCI_SLCT, 
							a.ISSN,
							a.IN_DATE, a.EMP_ID, a.EMP_NM, a.IS_PG, a.RST_VFY_KEY, a.CONTRIBUTE_RT,
							p.KOR_PJT_NM,
							(select emp_nm from c_announces_hm_info where ann_rowid = a.ann_rowid and ann_hm_slct ='1')as emp_nm1,
							(select emp_id from c_announces_hm_info where ann_rowid = a.ann_rowid and ann_hm_slct ='1')as emp_id1,
							(select emp_nm from c_announces_hm_info where ann_rowid = a.ann_rowid and ann_hm_slct ='2')as emp_nm2,
							(select emp_id from c_announces_hm_info where ann_rowid = a.ann_rowid and ann_hm_slct ='2')as emp_id2
	  			 FROM C_ANNOUNCES a
	  			 LEFT JOIN pjt_basic p on a.APP_NUM = p.PJT_NO and a.APP_YEAR = p.STAN_YR
	  				WHERE ANN_ROWID = #{ann_rowid} 
	  				
	</select>
	<!-- 학술발표 첨부파일 전체 조회 --> 
	<select id="selectAnnFile" parameterType="co.ciec.result.vo.AnnVO" resultMap="ann_file">
		    SELECT * FROM c_announces_file 
		    	WHERE ann_rowid = #{ann_rowid}
	    		ORDER BY f_seq ASC
	</select>
	<!-- 학술발표 첨부파일 개별 조회 -->
	<select id="selectAnnFileVO" parameterType="co.ciec.result.vo.AnnVO" resultMap="ann_file">
	    	SELECT * FROM c_announces_file
	    		WHERE ann_rowid = #{ann_rowid}
	    		 AND F_SEQ = ${f_seq}
	</select>
	<!-- 학술발표수정 -->
	<update id="updateAnnVO" parameterType="co.ciec.result.vo.AnnVO">
	    	UPDATE c_announces set
						APP_NUM = #{app_num}, APP_YEAR = #{app_year}, ANN_TITLE = #{ann_title}, ANN_CONVENTION = #{ann_convention},
						ANN_COUNTRY = #{ann_country}, ANN_DATE = #{ann_date},
						ANN_TYPE = #{ann_type}, ANN_INOUT = #{ann_inout}, 
						OUTCOME_REG_ORG_BZ_ID = #{outcome_reg_org_bz_id}, OUTCOME_REG_BZ_ID = #{outcome_reg_bz_id}, 
						ORD1_VFY_CD = #{ord1_vfy_cd}, ORD2_VFY_CD = #{ord2_vfy_cd},
						ABSTRACT_STR = #{abstract_str}, PAPER_TYPE_SLCT = #{paper_type_slct}, 
						PAPER_START_PG = #{paper_start_pg},  PAPER_END_PG = #{paper_end_pg}, SCI_SLCT = #{sci_slct}, 
						ISSN = #{issn},
						IN_DATE = #{in_date}, EMP_NM = #{emp_nm}, 
						IS_PG = #{is_pg}, RST_VFY_KEY = #{rst_vfy_key}, CONTRIBUTE_RT = #{contribute_rt},up_emp = #{up_emp}
	    		WHERE ANN_ROWID = #{ann_rowid}
	    
	</update>
<!-- 	 <![CDATA[ ]]>-->
	<!-- 학술발표 삭제 -->
	<delete id="deleteAnnVO" parameterType="co.ciec.result.vo.AnnVO">
	    DELETE FROM c_announces 
	    	WHERE ANN_ROWID = #{ann_rowid}
	</delete>

<!-- 	논문 엑셀 다운 -->
	<select id="annExcelDownload" parameterType="searchMasterVO" resultMap="ann">
		    	SELECT 	    	
					a.ANN_ROWID, a.APP_NUM, a.APP_YEAR, a.ANN_TITLE, a.ANN_CONVENTION, a.ANN_COUNTRY, a.ANN_DATE,
					a.ANN_TYPE, a.ANN_INOUT, a.OUTCOME_REG_ORG_BZ_ID, a.OUTCOME_REG_BZ_ID, a.ORD1_VFY_CD, a.ORD2_VFY_CD,
					a.DTL_RST_MGNT_NO, a.ABSTRACT_STR, a.PAPER_TYPE_SLCT, a.PAPER_START_PG,  a.PAPER_END_PG, a.SCI_SLCT, 
					a.ISSN,
					a.IN_DATE, a.EMP_ID, a.EMP_NM, a.IS_PG, a.RST_VFY_KEY, a.CONTRIBUTE_RT,a.up_emp,
					p.KOR_PJT_NM, p.STAN_YR,
					(select emp_nm from c_announces_hm_info where ann_rowid = a.ann_rowid and ann_hm_slct ='1')as emp_nm1,
					(select emp_id from c_announces_hm_info where ann_rowid = a.ann_rowid and ann_hm_slct ='1')as emp_id1,
					(select emp_nm from c_announces_hm_info where ann_rowid = a.ann_rowid and ann_hm_slct ='2')as emp_nm2,
					(select emp_id from c_announces_hm_info where ann_rowid = a.ann_rowid and ann_hm_slct ='2')as emp_id2,
					(SELECT  NVL(max(N_NAME), '') FROM C_NTIS_MASTER WHERE N_UP_CODE = 'GT034' and n_code = a.ANN_COUNTRY)as ANN_COUNTRY_NM 
				FROM c_announces a 
				LEFT JOIN pjt_basic p on a.APP_NUM = p.PJT_NO and a.APP_YEAR = p.STAN_YR
				WHERE 1=1
					<if test="schKeyword1 != null and schKeyword1 != '' ">
					   <![CDATA[ AND  a.ann_title LIKE '%' || #{schKeyword1} || '%']]>
					</if>
					<if test="schKeyword2 != null and schKeyword2 != '' ">
					    <![CDATA[ AND a.ann_convention LIKE '%' || #{schKeyword2} || '%']]>
					</if>
					<if test="schKeyword3 != null and schKeyword3 != '' ">
					   <![CDATA[ AND  p.KOR_PJT_NM LIKE '%' || #{schKeyword3} || '%']]>
					</if>
					<if test="schKeyword4 != null and schKeyword4 != '' ">
				      <![CDATA[  AND a.APP_YEAR >= #{schKeyword4}]]>
					</if>
					<if test="schKeyword5 != null and schKeyword5 != '' ">
					      <![CDATA[  AND a.APP_YEAR <= #{schKeyword5}]]>
					</if>
	</select>
	
	<!-- 	논문 아카이브엑셀 다운 -->
	<select id="archiveAnn" parameterType="searchMasterVO" resultMap="ann">
				SELECT 
					a.ANN_ROWID, a.APP_NUM, a.APP_YEAR, a.ANN_TITLE, a.ANN_CONVENTION, a.ANN_COUNTRY, a.ANN_DATE,
					a.ANN_TYPE, a.ANN_INOUT, a.OUTCOME_REG_ORG_BZ_ID, a.OUTCOME_REG_BZ_ID, a.ORD1_VFY_CD, a.ORD2_VFY_CD,
					a.DTL_RST_MGNT_NO, a.ABSTRACT_STR, a.PAPER_TYPE_SLCT, a.PAPER_START_PG,  a.PAPER_END_PG, a.SCI_SLCT, 
					a.ISSN,
					a.IN_DATE, a.EMP_ID, a.EMP_NM, a.IS_PG, a.RST_VFY_KEY, a.CONTRIBUTE_RT,
					p.KOR_PJT_NM,
					(select emp_nm from c_announces_hm_info where ann_rowid = a.ann_rowid and ann_hm_slct ='1')as emp_nm1,
					(select emp_id from c_announces_hm_info where ann_rowid = a.ann_rowid and ann_hm_slct ='1')as emp_id1,
					(select emp_nm from c_announces_hm_info where ann_rowid = a.ann_rowid and ann_hm_slct ='2')as emp_nm2,
					(select emp_id from c_announces_hm_info where ann_rowid = a.ann_rowid and ann_hm_slct ='2')as emp_id2,
					h.ann_hm_slct, (h.emp_nm) as emp_nm3, (h.emp_id) as emp_id3, c.empnm
				FROM C_ANNOUNCES a
				LEFT JOIN C_ANNOUNCES_HM_INFO h ON h.ann_rowid = a.ANN_ROWID
				LEFT JOIN pjt_basic p on a.APP_NUM = p.PJT_NO and a.APP_YEAR = p.STAN_YR
				LEFT JOIN c_emps c ON a.EMP_ID = c.empno
				WHERE 1=1
					<if test="schKeyword1 != null and schKeyword1 != '' ">
					   <![CDATA[ AND  a.ann_title LIKE '%' || #{schKeyword1} || '%']]>
					</if>
					<if test="schKeyword2 != null and schKeyword2 != '' ">
					    <![CDATA[ AND a.ann_convention LIKE '%' || #{schKeyword2} || '%']]>
					</if>
					<if test="schKeyword3 != null and schKeyword3 != '' ">
					   <![CDATA[ AND  p.KOR_PJT_NM LIKE '%' || #{schKeyword3} || '%']]>
					</if>
					<if test="schKeyword4 != null and schKeyword4 != '' ">
				      <![CDATA[  AND a.APP_YEAR >= #{schKeyword4}]]>
					</if>
					<if test="schKeyword5 != null and schKeyword5 != '' ">
					      <![CDATA[  AND a.APP_YEAR <= #{schKeyword5}]]>
					</if>
	</select>
	
	<!-- 	논문 아카이브엑셀 다운 -->
	<select id="archiveAnnHm" parameterType="searchMasterVO" resultMap="ann_hm_info">
				SELECT *
				FROM C_ANNOUNCES_HM_INFO a
				LEFT JOIN c_announces c on a.ann_rowid = c.ann_rowid and a.APP_YEAR = c.APP_YEAR
				LEFT JOIN pjt_basic p on a.APP_NUM = p.PJT_NO and a.APP_YEAR = p.STAN_YR
				WHERE 1=1
					<if test="schKeyword1 != null and schKeyword1 != '' ">
					   <![CDATA[ AND  a.ann_title LIKE '%' || #{schKeyword1} || '%']]>
					</if>
					<if test="schKeyword2 != null and schKeyword2 != '' ">
					    <![CDATA[ AND a.ann_convention LIKE '%' || #{schKeyword2} || '%']]>
					</if>
					<if test="schKeyword3 != null and schKeyword3 != '' ">
					   <![CDATA[ AND  p.KOR_PJT_NM LIKE '%' || #{schKeyword3} || '%']]>
					</if>
					<if test="schKeyword4 != null and schKeyword4 != '' ">
				      <![CDATA[  AND a.APP_YEAR >= #{schKeyword4}]]>
					</if>
					<if test="schKeyword5 != null and schKeyword5 != '' ">
					      <![CDATA[  AND a.APP_YEAR <= #{schKeyword5}]]>
					</if>
	</select>
</mapper>